5;fallingTael
12;BoundingBox
14;BrdrShdw
16;BrdrFace
17;SimpleButtonDown
19;BrdrBlk
21;BrdrHilght
22;SimpleButtonIn
23;SimpleButtonUp
24;Defaults
25;UIObjectExtensions
26;UIObject
31;FocusRect
32;FocusManager
33;UIComponentExtensions
34;UIComponent
35;SimpleButton
36;Border
37;RectBorder
38;ButtonSkin
39;Button
42;RadioFalseDisabled
44;RadioThemeColor1
48;RadioThemeColor2
49;RadioFalseDown
50;RadioFalseOver
51;RadioFalseUp
52;RadioTrueDisabled
53;RadioTrueUp
54;RadioButtonAssets
55;RadioButton
6;__Packages.mx.core.UIObject
7;__Packages.mx.core.UIComponent
8;__Packages.mx.controls.SimpleButton
9;__Packages.mx.controls.Button
10;__Packages.mx.controls.RadioButton
56;__Packages.mx.skins.SkinElement
57;__Packages.mx.styles.CSSTextStyles
58;__Packages.mx.styles.StyleManager
59;__Packages.mx.styles.CSSStyleDeclaration
60;__Packages.mx.events.EventDispatcher
61;__Packages.mx.events.UIEventDispatcher
62;__Packages.mx.controls.RadioButtonGroup
63;__Packages.mx.skins.ColoredSkinElement
64;__Packages.mx.core.ext.UIObjectExtensions
65;__Packages.mx.skins.halo.Defaults
66;__Packages.mx.managers.DepthManager
67;__Packages.mx.managers.SystemManager
68;__Packages.mx.managers.FocusManager
69;__Packages.mx.skins.halo.FocusRect
70;__Packages.mx.managers.OverlappedWindows
71;__Packages.mx.styles.CSSSetStyle
72;__Packages.mx.core.ext.UIComponentExtensions
73;__Packages.mx.skins.Border
74;__Packages.mx.skins.RectBorder
75;__Packages.mx.skins.halo.RectBorder
76;__Packages.mx.skins.halo.ButtonSkin
